id,title,priority,status,owner,estimate,notes
1,User login with email,High,In progress,anna,3,Blocked on auth service
2,Password reset flow,High,Backlog,anna,2,
3,SSO integration,High,Backlog,dmitry,8,"Okta first, Google later"
4,Two-factor authentication,High,Backlog,dmitry,5,
5,Session timeout handling,High,Done,anna,1,Shipped in 24.07
6,Audit log for admin actions,High,In review,sergei,5,"Needs retention policy, see ADR-004"
7,Bulk user import,High,Backlog,sergei,8,CSV upload
8,Role-based permissions,High,In progress,anna,13,Depends on #6
9,Email notification preferences,High,Backlog,dmitry,3,
